-- Insert the sample data into the Final Project DATABASE

insert into customer_tbl values
(100,'J','ATJ Enterprises','Allen','Jarrett','123 Main Street','Roseville','CA','95661','916-256-9874'),
(110,'D','Freds Auto Parts','Fred','Smith','123 First Street','Roseville','CA','95678','916-541-4785'),
(120,'G','Grand Auto','Steve','Krantz','412 Campbell Street','Sandusky','OH','44870','419-626-1792'),
(130,'J','Cleamons Auto Parts Warehouse','Bill','Jones','1252 Tyler Street','Tampa','FL','33624','813-568-9821');

insert into vendor_tbl values
(200,'Brakes Unlimited Inc.','Fred Jones',('485 Front Street','Tampa','FL','33624'),'813-985-8745'),
(210,'Mufflers Unlimited Inc.','Billy Smith',('12 Second Street','Sandusky','OH','44870'),'419-625-8736'),
(230,'Rock Auto','Bill Jones',('12 Front Street','Tampa','FL','33624'),'614-985-8745'),
(240,'Auto Parts International','Barney Rubble',('1 First Street','Bedrock','CA','91548'),NULL),
(250,'Cheveron Oil Co.','Frank Franks',('485 Frank Street','Tampa','FL','33624'),'614-985-8888');

insert into product_tbl values
('B-125', 'Brake Shoes 1999 Honda Accord', 18.99, 25.98, 12.99, 200),
('M-152', 'Muffler 1999 Honda Accord', 11.99, 18.98, 5.99, 210),
('DP-222', 'Driver Side Door Panel 1999 Honda Accord', 118.99, 205.98, 92.99, 230),
('DP-223', 'Passanger Side Door Panel 1999 Honda Accord', 118.99, 205.98, 92.99, 230),
('SP-458', 'Spark Plugs - 4 pack', 38.99, 45.98, 22.99, 240),
('O-958', 'Chevron 1 Quart 10W-30 Oil', 5.99, 8.98, 2.99, 250);

-- Added the Inventory TABLE
insert into inventory_tbl values
('B-125', 175),
('M-152', 90),
('DP-222', 15),
('DP-223', 15),
('SP-458', 300),
('O-958', 1300);

insert into dept_tbl values
(300, 'Sales'),
(310, 'Support'),
(320, 'Supply Chain');

insert into shipper_tbl values
(400, 'USPS', '1000010000', '916-223-4500', 'https://www.usps.gov'),
(410, 'FedEx', '2000020000', '916-112-2200', 'https://www.fedex.com'),
(420, 'UPS', '3000030000', '916-774-1111', 'https://www.ups.com'),
(430, 'DHL', '4000040000', '916-772-2222', 'https://www.dhl.com');

insert into employeepersonal_tbl values
(500, '099-66-1234', 'Michael', 'Jones', '101 Innovator Drive', 'Sacramento', 'CA', '95834', '916-223-1212', '1978-06-06'),
(510, '100-33-1234', 'Jennifer', 'Sibley', '10 Market Blvd', 'Sacramento', 'CA', '95834', '916-555-5555', '1980-04-21'),
(520, '104-44-1234', 'Adam', 'Jackson', '375 Gateway Blvd', 'Sacramento', 'CA', '95834', '916-888-9090', '1982-07-15'),
(530, '115-77-4444', 'Susan', 'Timley', '333 Wardell Rd', 'Sacramento', 'CA', '95834', '916-777-8888', '1982-03-09'),
(540, '120-88-1111', 'John', 'Swilley', '444 Siftly Blvd', 'Sacramento', 'CA', '95834', '916-888-4444', '1983-07-24');

insert into employeework_tbl values
(500, 300, '2019-04-03', NULL, 40000.00),
(510, 300, '2019-08-17', NULL, 40000.00),
(520, 310, '2018-03-02', NULL, 35000.00),
(530, 320, '2018-02-12', NULL, 42000.00),
(540, 320, '2018-03-23', NULL, 42000.00);

insert into order_tbl values
(600,100,'2020-01-25',410,'2020-01-30',500),
(601,100,'2019-12-14',400,'2020-01-02',500),
(602,110,'2019-05-26',410,'2019-05-30',510),
(603,100,'2020-02-25',400,'2020-03-01',510),
(604,110,'2020-03-03',410,'2020-03-10',500),
(605,100,'2019-02-25',420,'2019-03-01',500),
(606,100,'2019-03-25',400,'2019-03-27',500),
(607,100,'2019-04-25',410,'2019-05-01',510),
(608,100,'2020-02-26',420,'2020-03-01',510),
(609,100,'2020-02-27',400,'2020-03-04',510),
(610,120,'2019-01-25',430,'2019-02-03',500),
(611,120,'2018-12-14',400,'2019-01-02',500),
(612,120,'2018-05-26',410,'2018-05-30',510),
(613,130,'2019-02-25',400,'2019-03-01',510),
(614,130,'2019-03-03',430,'2019-03-13',500),
(615,130,'2018-02-25',420,'2018-03-01',500),
(616,130,'2018-03-25',400,'2018-03-27',500),
(617,110,'2018-04-25',400,'2018-05-05',510),
(618,110,'2019-02-26',420,'2019-03-01',510),
(619,130,'2020-07-18',NULL,NULL,NULL);

insert into orderproduct_tbl values
(600,'B-125',10),
(600,'M-152',2),
(600,'O-958',24),
(600,'DP-222',1),
(600,'SP-458',24),
(601,'DP-222',1),
(601,'O-958',24),
(601,'SP-458',12),
(601,'B-125',15),
(601,'M-152',5),
(602,'DP-222',1),
(602,'SP-458',12),
(602,'B-125',15),
(602,'M-152',5),
(602,'O-958',326),
(603,'B-125',5),
(603,'DP-222',1),
(603,'M-152',2),
(603,'O-958',24),
(603,'SP-458',12),
(604,'B-125',5),
(604,'M-152',2),
(604,'O-958',24),
(604,'SP-458',12),
(605,'B-125',10),
(605,'M-152',2),
(605,'O-958',24),
(605,'SP-458',24),
(606,'DP-222',1),
(606,'SP-458',12),
(606,'B-125',12),
(606,'M-152',12),
(606,'O-958',12),
(607,'B-125',10),
(607,'M-152',2),
(607,'O-958',24),
(607,'SP-458',12),
(608,'M-152',2),
(608,'O-958',24),
(608,'SP-458',12),
(609,'DP-222',1),
(609,'M-152',2),
(609,'O-958',24),
(609,'SP-458',12),
(610,'B-125',10),
(610,'M-152',2),
(610,'O-958',24),
(610,'DP-222',1),
(610,'SP-458',24),
(611,'DP-222',1),
(611,'O-958',24),
(611,'SP-458',12),
(611,'B-125',15),
(611,'M-152',5),
(612,'DP-222',1),
(612,'SP-458',12),
(612,'B-125',15),
(612,'M-152',5),
(612,'O-958',326),
(613,'B-125',5),
(613,'DP-222',1),
(613,'M-152',2),
(613,'O-958',24),
(613,'SP-458',12),
(614,'B-125',5),
(614,'M-152',2),
(614,'O-958',24),
(614,'SP-458',12),
(615,'B-125',10),
(615,'M-152',2),
(615,'O-958',24),
(615,'SP-458',24),
(616,'DP-222',1),
(616,'SP-458',12),
(616,'B-125',12),
(616,'M-152',12),
(616,'O-958',12),
(617,'B-125',10),
(617,'M-152',2),
(617,'O-958',24),
(617,'SP-458',12),
(618,'M-152',2),
(618,'O-958',24),
(618,'SP-458',12),
(619,'DP-222',1),
(619,'M-152',2),
(619,'O-958',24),
(619,'SP-458',12);
